nama produk,harga produk,nama toko,keterangan
"Selimut kecil, abu-abu, 120x160 cm",49900,VITMOSSA,Produk online terlaris
"Tanaman tiruan dalam pot, oregano, 9 cm",79900,FEJKA,Produk online terlaris
"Kotak, set isi 6, putih",89900,SKUBB,Produk online terlaris
"Kotak, set isi 6, abu-abu tua",89900,SKUBB,Produk online terlaris
"Dispenser sabun & pembersih tangan, krem",99900,EKOLN,Produk online terlaris
"Kantong belanja, besar, biru, 55x37x35 cm/71 l",9900,FRAKTA,Produk online terlaris
"Kantong belanja, medium, biru, 45x18x45 cm/36 l",9900,FRAKTA,Produk online terlaris
"Pengait dengan plastik isap, putih",29900,TISKEN,Produk online terlaris
"Boneka, ikan hiu, 100 cm",199000,BLÅHAJ,Produk online terlaris
"Boneka, gajah/abu-abu",199000,JÄTTESTOR,Produk online terlaris
"Rak sepatu, putih, 60x26x40 cm",199000,BIBBLIS,Produk online terlaris
"Kabinet/tempat sepatu, putih, 52x18x39 cm",499000,TRONES,Produk online terlaris
"Botol dengan penutup, kaca bening, 0.5 l",19900,KORKEN,Produk online terlaris
"Gantungan, hitam",29900,SPRUTTIG,Produk online terlaris
"Tempat untuk handphone, abu-abu",9900,YUPPIENALLE,Produk online terlaris
"Gunting, set isi 2",49900,MÄRKBART,Produk online terlaris
"Stoples dengan penutup, kaca bening, 1 l",29900,KORKEN,Produk online terlaris
"Sikat botol, putih",14900,MEDELVÅG,Produk online terlaris
"Tempat sikat gigi + plastik hisap, putih",29900,TISKEN,Produk online terlaris
"Gelas, kaca bening, 27 cl",69900,POKAL,Produk online terlaris
"Tanaman tiruan dalam pot, dalam/luar ruang/digantung, 9 cm",99900,FEJKA,Produk online terlaris
"Gelas, kaca bening, 17 cl",19900,REKO,Produk online terlaris
"Botol dengan penutup, kaca bening, 1 l",24900,KORKEN,Produk online terlaris
"Botol semprot, putih, 35 cl",19900,TOMAT,Produk online terlaris
"Bingkai, putih, 21x30 cm",19900,YLLEVAD,Produk online terlaris
"Gayung air, putih",29900,GRUMLAN,Produk online terlaris
"Kantong yang dapat ditutup, merah muda/hijau, 1/0.4 l",39900,ISTAD,Produk online terlaris
Refill untuk lint roller,29900,BÄSTIS,Produk online terlaris
"Sendok, warna campuran",7900,KALAS,Produk online terlaris
"Sarung tangan pembersih, kuning cerah/putih pudar, m",19900,RINNIG,Produk online terlaris
"Peralatan makan, set isi 12",49900,MOPSIG,Produk online terlaris
"Lilin kecil, 4 jam",99900,GLIMMA,Produk online terlaris
"Lampu kerja, abu-abu tua/putih",79900,SVALLET,Produk online terlaris
"Mug, matt hijau, 37 cl",29900,FÄRGKLAR,Produk online terlaris
"Sendok, baja tahan karat, 19 cm",49900,FÖRNUFT,Produk online terlaris
"Gelas, kaca bening, 35 cl 4 –p",99900,POKAL,Produk online terlaris
"Vas, kaca bening, 8 cm",14900,VILJESTARK,Produk online terlaris
"Pengering piring, putih pudar, 48 cm",29900,STÄMLING,Produk online terlaris
"Tempat sampah, hitam, 10 l",19900,FNISS,Produk online terlaris
"Mug, krem, 30 cl",29900,DINERA,Produk online terlaris
"Karafe dengan penutup, kaca bening/gabus, 1 l",49900,IKEA 365+,Produk online terlaris
"Kotak dengan penutup, merah muda/toska, 17x10 cm",49900,GLIS,Produk online terlaris
"Bingkai, putih, 13x18 cm",9900,YLLEVAD,Produk online terlaris
"Mug, warna campuran",19900,KALAS,Produk online terlaris
"Unit rak , putih, 60x148 cm",299000,LERBERG,Produk online terlaris
"Alas laci, transparan, 150 cm",39900,VARIERA,Produk online terlaris
"Mangkuk nasi, putih, 11 cm",9900,OFTAST,Produk online terlaris
"File majalah, putih",89900,DRÖNJÖNS,Produk online terlaris
"Gantungan, putih/abu-abu",49900,TRYSSE,Produk online terlaris
"Kotak makan dengan tutup, biru, 0.6 l",19900,PRUTA,Produk online terlaris
"Unit rak, putih, 37x23x101 cm",199000,VESKEN,Produk online terlaris
"Mangkuk, tepi bulat putih, 16 cm",49900,IKEA 365+,Produk online terlaris
"Unit rak sudut dengan plastik isap, putih",49900,TISKEN,Produk online terlaris
"Piring kecil, putih, 19 cm",9900,OFTAST,Produk online terlaris
"Peralatan makan, set isi 18, warna campuran",19900,KALAS,Produk online terlaris
"Sendok, baja tahan karat, 19 cm",59900,DRAGON,Produk online terlaris
"Kantong yang dapat ditutup, aneka ukuran/aneka warna, 6/4.5 l",59900,ISTAD,Produk online terlaris
"Mug, toska tua, 25 cl",19900,FÄRGRIK,Produk online terlaris
"Bantalan kursi, putih pudar, 50x50 cm",100000,FJÄDRAR,Produk online terlaris
"Jam dinding, hitam, 28 cm",99900,PLUTTIS,Produk online terlaris
"Baki, bambu, 20x28 cm",99900,OSTBIT,Produk online terlaris
"Piring cekung, putih, 20 cm",9900,OFTAST,Produk online terlaris
"Gantungan kunci, kecil putih, 9x7 cm",14900,KNÖLIG,Produk online terlaris
"Gantungan handuk, baja tahan karat, 67 cm",169000,BROGRUND,Produk online terlaris
"Keranjang dg plastik isap, putih",79900,TISKEN,Produk online terlaris
"Kotak dengan penutup, transparan, 17x10 cm",49900,GLIS,Produk online terlaris
"Tanaman tiruan dengan pot, dalam/luar ruang sukulen, 6 cm 3 –p",49900,FEJKA,Produk online terlaris
"Alas panci, gabus, 19 cm",29900,HEAT,Produk online terlaris
"Gantungan, putih",89900,BUMERANG,Produk online terlaris
"Perlengkapan mandi, set isi 3, putih",39900,STORAVAN,Produk online terlaris
"Tempat cucian dengan stand, putih, 50 l",49900,JÄLL,Produk online terlaris
"Piring, warna campuran",19900,KALAS,Produk online terlaris
"Boneka, bayi hiu, 55 cm",99900,BLÅHAJ,Produk online terlaris
"Kantong yang dapat ditutup, berpola/hitam kuning, 1/0.4 l",39900,ISTAD,Produk online terlaris
"Duvet, sedikit hangat, 150x200 cm",100000,SILVERTOPP,Produk online terlaris
"Bingkai, hitam, 21x30 cm",19900,YLLEVAD,Produk online terlaris
"Batang tirai shower, putih, 120-200 cm",99900,BOTAREN,Produk online terlaris
"Spons, abu-abu-hijau",19900,SVAMPIG,Produk online terlaris
"Troli, putih, 26x48x77 cm",249000,HORNAVAN,Produk online terlaris
"Dispenser sabun & pembersih tangan, putih",24900,TACKAN,Produk online terlaris
"Piring, putih, 25 cm",9900,OFTAST,Produk online terlaris
"Jemuran, dalam/luar ruang, putih",149000,JÄLL,Produk online terlaris
"Mangkuk, putih, 15 cm",9900,OFTAST,Produk online terlaris
"Tempat sampah, putih, 10 l",19900,FNISS,Produk online terlaris
"Vas, kaca bening, 17 cm",29900,PÅDRAG,Produk online terlaris
"Garpu, baja tahan karat, 19 cm",69900,MARTORP,Produk online terlaris
"Jam dinding, putih, 25 cm",29900,TROMMA,Produk online terlaris
"Tempat sampah dengan penutup, hitam, 8 l",39900,HÖLASS,Produk online terlaris
"Rol pembersih pakaian, abu-abu",9900,BÄSTIS,Produk online terlaris
"Lampu lantai/baca, aluminium efek krom",249000,LERSTA,Produk online terlaris
"Boneka, krem, 21 cm",19900,FABLER BJÖRN,Produk online terlaris
"Gantungan kunci, kecil merah muda, 9x7 cm",14900,KNÖLIG,Produk online terlaris
"Pembuat kopi/teh, kaca/baja tahan karat, 0.4 l",99900,UPPHETTA,Produk online terlaris
"Pengering sayuran, putih",79900,UPPFYLLD,Produk online terlaris
"Mangkuk saji, putih, 23 cm",19900,OFTAST,Produk online terlaris
"Tanaman tiruan dalam pot, dalam/luar ruang digantung/eucalyptus, 9 cm",99900,FEJKA,Produk online terlaris
"Tirai shower, putih, 180x200 cm",39900,BJÄRSEN,Produk online terlaris
"Stoples dengan penutup, kaca bening, 0.5 l",24900,KORKEN,Produk online terlaris
"Mangkuk, matt abu-abu tua, 19 cm",39900,FÄRGKLAR,Produk online terlaris
"Kantong yang dapat ditutup, berpola hitam/kuning, 2.5/1.2 l",49900,ISTAD,Produk online terlaris
"Rak pakaian, putih",249000,RIGGA,Produk online terlaris
"Batang untuk gantungan pakaian, putih, 60-90 cm",79900,MULIG,Produk online terlaris
"Tanaman tiruan dalam pot, anggrek putih, 9 cm",99900,FEJKA,Produk online terlaris
"Unit rak , abu-abu tua, 60x148 cm",299000,LERBERG,Produk online terlaris
"Duvet, sedikit hangat, 150x200 cm",200000,SÄFFEROT,Produk online terlaris
"Unit laci, hitam",249000,LENNART,Produk online terlaris
"Tanaman tiruan dalam pot, dalam/luar ruang rumput, 9 cm",49900,FEJKA,Produk online terlaris
"Mug, abu-abu tua, 30 cl",29900,DINERA,Produk online terlaris
"Mangkuk, warna campuran",19900,KALAS,Produk online terlaris
"Gunting, set isi 2, baja tahan karat abu-abu/abu-abu toska",19900,SVÄRDFISK,Produk online terlaris
"Klip segel, set isi 26, warna campuran",29900,BEVARA,Produk online terlaris
"Tanaman tiruan dalam pot, timi, 9 cm",79900,FEJKA,Produk online terlaris
"Cangkir kopi dan tatakan, putih, 20 cl",49900,VÄRDERA,Produk online terlaris
"Garpu, baja tahan karat, 19 cm",49900,FÖRNUFT,Produk online terlaris
"Dek lantai, luar ruang, abu-abu tua, 0.81 m²",245000,RUNNEN,Produk online terlaris
"Kotak dengan penutup, transparan, 34x21 cm",79900,GLIS,Produk online terlaris
"Lampu lantai, hitam/putih, 150 cm",169000,BARLAST,Produk online terlaris
"Peralatan dapur, set isi 5, abu-abu",79900,FULLÄNDAD,Produk online terlaris
"Rak pakaian, putih, 99x152 cm",149000,MULIG,Produk online terlaris
"Stoples bumbu, kaca/warna aluminium, 15 cl",29900,RAJTAN,Produk online terlaris
"Gantungan, alami",79900,BUMERANG,Produk online terlaris
"Bingkai, putih, 10x15 cm",19900,FIKONTRÄD,Produk online terlaris
"Kotak, putih, 34x24 cm",79900,UPPDATERA,Produk online terlaris
"Tempat dan sikat toilet, putih",17900,BOLMEN,Produk online terlaris
"Kantong yang dapat ditutup, berpola/biru, 1/0.4 l",39900,ISTAD,Produk online terlaris
"Lampu kerja, abu-abu tua",199000,TERTIAL,Produk online terlaris
"Tempat kantong plastik, putih",29900,VARIERA,Produk online terlaris
"Bantal, tinggi, 50x80 cm",129000,LAPPTÅTEL,Produk online terlaris
"Gantungan untuk pintu, putih",44900,ENUDDEN,Produk online terlaris
"Unit laci, putih",249000,LENNART,Produk online terlaris
"Baki, abu-abu, 37x29 cm",29900,TILLGÅNG,Produk online terlaris
"Baterai yang dapat diisi ulang, hr03 aaa 1.2v, 750mah",99900,LADDA,Produk online terlaris
"Gantungan handuk dg plastik hisap, putih",129000,TISKEN,Produk online terlaris
"Bangku, putih, 45 cm",80000,MARIUS,Produk online terlaris
"Tanaman tiruan dalam pot, dalam/luar ruang monstera, 12 cm",129000,FEJKA,Produk online terlaris
"Tempat dan sikat toilet, hitam",17900,BOLMEN,Produk online terlaris
"Pengering piring, putih",59900,FLUNDRA,Produk online terlaris
"Karafe, kaca bening, 1.0 l",19900,KARAFF,Produk online terlaris
"Handuk mandi, abu-abu, 55x120 cm",49900,LUDDVIAL,Produk online terlaris
"Gunting, baja tahan karat/hitam",9900,MÅNÖGA,Produk online terlaris
"Kantong yang dapat ditutup, berpola/hijau, 6/4.5 l",59900,ISTAD,Produk online terlaris
"Perkakas dapur, set isi 3, hitam",49900,GNARP,Produk online terlaris
"Kantong yang dapat ditutup, aneka ukuran/aneka warna, 2.5/1.2 l",49900,ISTAD,Produk online terlaris
"Tempat penyimpanan , 55x49x19 cm",29900,PÄRKLA,Produk online terlaris
"Mug, tembikar putih, 25 cl",19900,FÄRGRIK,Produk online terlaris
"Kursi, biru",450000,TEODORES,Produk online terlaris
